{"stats":{"minecraft:dropped":{"minecraft:large_fern":1},"minecraft:custom":{"minecraft:jump":136,"minecraft:time_since_rest":26740,"minecraft:crouch_one_cm":390,"minecraft:leave_game":4,"minecraft:play_time":26740,"minecraft:sprint_one_cm":4815,"minecraft:time_since_death":26740,"minecraft:walk_on_water_one_cm":60,"minecraft:walk_one_cm":6205,"minecraft:sneak_time":305,"minecraft:total_world_time":26740,"minecraft:climb_one_cm":614,"minecraft:drop":1,"minecraft:fly_one_cm":340185},"minecraft:used":{"minecraft:sand":34,"minecraft:bone_meal":23,"minecraft:spruce_sapling":32,"minecraft:grass_block":83,"minecraft:birch_leaves":113}},"DataVersion":3465}