{
  "create:root": {
    "criteria": {
      "0": "2024-07-23 19:29:53 +0000"
    },
    "done": true
  },
  "minecraft:recipes/decorations/crafting_table": {
    "criteria": {
      "unlock_right_away": "2024-07-23 19:29:53 +0000"
    },
    "done": true
  },
  "iceandfire:iceandfire/root": {
    "criteria": {
      "tick": "2024-07-23 19:29:53 +0000"
    },
    "done": true
  },
  "theabyss:unlockthebook": {
    "criteria": {
      "unlockthebook": "2024-07-23 19:29:53 +0000"
    },
    "done": true
  },
  "cataclysm:root": {
    "criteria": {
      "custom_test_name": "2024-07-23 19:29:53 +0000"
    },
    "done": true
  },
  "minecraft:adventure/adventuring_time": {
    "criteria": {
      "minecraft:taiga": "2024-07-24 04:25:24 +0000",
      "minecraft:frozen_river": "2024-07-24 04:26:03 +0000",
      "minecraft:windswept_hills": "2024-07-24 04:28:50 +0000",
      "minecraft:river": "2024-07-24 04:27:42 +0000",
      "minecraft:snowy_plains": "2024-07-24 04:25:09 +0000",
      "minecraft:snowy_taiga": "2024-07-23 19:29:54 +0000",
      "minecraft:forest": "2024-07-24 04:27:54 +0000",
      "minecraft:windswept_gravelly_hills": "2024-07-24 04:28:49 +0000",
      "minecraft:plains": "2024-07-24 04:27:23 +0000"
    },
    "done": false
  },
  "biomancy:recipes/biomancy/decomposing/grass_block_decomposing": {
    "criteria": {
      "has_grass_block": "2024-07-24 04:25:01 +0000"
    },
    "done": true
  },
  "biomancy:recipes/biomancy/digesting/nutrient_paste_from_digesting_large_fern": {
    "criteria": {
      "has_large_fern": "2024-07-24 04:25:01 +0000"
    },
    "done": true
  },
  "DataVersion": 3465
}